modelo,metrica,proposed,ultralytics_defaults,diferencia
yolov8s,mAP50,0.6502,0.645,0.0052
yolov8s,mAP5095,0.4673,0.4552,0.0121
yolov8s,precision,0.7429,0.7303,0.0126
yolov8s,recall,0.5772,0.5791,-0.0019
yolov8s,F1,0.6496,0.646,0.0036
yolov8s,ms,18.11,19.29,-1.18
yolov8s,FPS,55.2,51.8,3.4
yolov8s,mAP50-95 BIODEGRADABLE,0.3635,0.3587,0.0048
yolov8s,mAP50-95 CARDBOARD,0.4001,0.4076,-0.0075
yolov8s,mAP50-95 GLASS,0.6236,0.6092,0.0144
yolov8s,mAP50-95 METAL,0.5123,0.5015,0.0108
yolov8s,mAP50-95 PAPER,0.4278,0.4054,0.0224
yolov8s,mAP50-95 PLASTIC,0.4767,0.4489,0.0278
yolov8n,mAP50,0.6293,0.6225,0.0068
yolov8n,mAP5095,0.4425,0.4353,0.0072
yolov8n,precision,0.715,0.6981,0.0169
yolov8n,recall,0.5547,0.5531,0.0016
yolov8n,F1,0.6248,0.6172,0.0076
yolov8n,ms,10.22,10.4,-0.18
yolov8n,FPS,97.9,96.2,1.7
yolov8n,mAP50-95 BIODEGRADABLE,0.345,0.3445,0.0005
yolov8n,mAP50-95 CARDBOARD,0.3867,0.3943,-0.0076
yolov8n,mAP50-95 GLASS,0.6093,0.5923,0.017
yolov8n,mAP50-95 METAL,0.4797,0.4723,0.0074
yolov8n,mAP50-95 PAPER,0.3821,0.3748,0.0073
yolov8n,mAP50-95 PLASTIC,0.4525,0.4335,0.019
